class,enemy,rep,hp,hits,dmg,overkill,ttk_input,ttk_hit
0,slime,0,40,2,50,10,0.383,0.283
0,slime,1,40,2,50,10,0.383,0.367
0,slime,2,40,2,50,10,0.383,0.367
0,slime,3,40,2,50,10,0.383,0.367
0,slime,4,40,2,50,10,0.383,0.367
0,skeleton,0,70,3,75,5,0.750,0.733
0,skeleton,1,70,3,75,5,0.750,0.733
0,skeleton,2,70,3,75,5,0.750,0.733
0,skeleton,3,70,3,75,5,0.750,0.733
0,skeleton,4,70,3,75,5,0.750,0.733
0,archer,0,35,2,50,15,0.383,0.367
0,archer,1,35,2,50,15,0.383,0.367
0,archer,2,35,2,50,15,0.383,0.367
0,archer,3,35,2,50,15,0.383,0.367
0,archer,4,35,2,50,15,0.383,0.367
0,bat,0,22,1,25,3,0.017,0.000
0,bat,1,22,1,25,3,0.017,0.000
0,bat,2,22,1,25,3,0.017,0.000
0,bat,3,22,1,25,3,0.017,0.000
0,bat,4,22,1,25,3,0.017,0.000
0,boss,0,800,32,800,0,11.383,11.367
0,boss,1,800,32,800,0,11.383,11.367
0,boss,2,800,32,800,0,11.383,11.367
0,necromancer,0,60,3,75,15,0.750,0.733
0,necromancer,1,60,3,75,15,0.750,0.733
0,necromancer,2,60,3,75,15,0.750,0.733
0,necromancer,3,60,3,75,15,0.750,0.733
0,necromancer,4,60,3,75,15,0.750,0.733
